<?xml version="1.0" encoding="utf-8"?>
<DefaultGEProperties><OneGEProPerties ObjType="4" PartType="1"><ShapeProperties bUseVG="1" VGName="k_button_00.vg" BUseBG="0" BGName=""/></OneGEProPerties><OneGEProPerties ObjType="3" PartType="1"><PLCProperties Pripority="" Description=""><InPutData Pripority="1" AddrType="254" AddrTypeName="LB" CodeType="0" WordNum="1" PLCAddr="47" MaskValType="0" bUseAddrTag="0" PLCID="65534"/><OutPutData Pripority="1" AddrType="254" AddrTypeName="LB" CodeType="0" WordNum="1" PLCAddr="0" MaskValType="0" bUseAddrTag="0" PLCID="65534"/></PLCProperties><ShapeProperties bUseVG="0" VGName="" BUseBG="0" BGName=""/></OneGEProPerties><OneGEProPerties ObjType="3" PartType="2"><PLCProperties Pripority="" Description=""><InPutData Pripority="1" AddrType="249" AddrTypeName="LW.B" CodeType="0" WordNum="1" PLCAddr="0.6" MaskValType="0" bUseAddrTag="0" PLCID="65534"/><OutPutData Pripority="1" AddrType="249" AddrTypeName="LW.B" CodeType="0" WordNum="1" PLCAddr="0.6" MaskValType="0" bUseAddrTag="0" PLCID="65534"/></PLCProperties><ShapeProperties bUseVG="1" VGName="k_button_00.vg" BUseBG="0" BGName=""/></OneGEProPerties><OneGEProPerties ObjType="3" PartType="29"><PLCProperties Pripority="" Description=""><InPutData Pripority="1" AddrType="255" AddrTypeName="LW" CodeType="0" WordNum="13" PLCAddr="500" MaskValType="2" bUseAddrTag="0" PLCID="65534"/><OutPutData Pripority="1" AddrType="255" AddrTypeName="LW" CodeType="0" WordNum="1" PLCAddr="0" MaskValType="2" bUseAddrTag="0" PLCID="65534"/></PLCProperties></OneGEProPerties><OneGEProPerties ObjType="3" PartType="21"><PLCProperties Pripority="" Description=""><InPutData Pripority="1" AddrType="253" AddrTypeName="RW" CodeType="0" WordNum="6" PLCAddr="230" MaskValType="2" bUseAddrTag="0" PLCID="65534"/><OutPutData Pripority="1" AddrType="253" AddrTypeName="RW" CodeType="0" WordNum="6" PLCAddr="230" MaskValType="2" bUseAddrTag="0" PLCID="65534"/></PLCProperties><ShapeProperties bUseVG="1" VGName="k_frame_00.vg" BUseBG="0" BGName=""/></OneGEProPerties></DefaultGEProperties>
